Dex #,Sprite,Name,Species,Type 1,Type 2,Ability 1,Ability 2,Ability (Hidden),Height,Weight,HP,ATK,DEF,SP. ATK,SP. DEF,SPD,BST,Dex Entry
1,,Shardactyl,Shard Wyvern Pokemon,Rock,Ice,Rock Head,Ice Body,Pressure,"6'00""",155 lb,60,155,57,100,65,90,527,"This ancient predator, preserved for millenia in Seaform Islands' deepest, frozen caverns, was thought to be an ice sculpture. It dives from ceilings at speeds that defy its weight. While its ice body is hard as diamond, a single blow can cause it to shatter instantly."
2,,Umbrisk,Shadowling Pokemon,Dragon,,Thermal Exchange,Frisk,Unnerve,"2'07""",60 lb,40,60,55,25,40,45,265,"Records recovered from the ruins of the Pokémon Mansion suggest Umbrisk were unintended byproducts of early genetic experiments. Though its eyes appear dull and lifeless, it navigates by sensing the faint warmth of nearby creatures. Its shadow sometimes moves a moment before the Pokémon itself."
3,,Basiliask,Blind Basiliask Pokemon,Dragon,Dark,Infiltrator,Frisk,Hustle,"6'05""",160 lb,65,105,85,30,105,70,460,"A distorted Dragon-type said to be born from experiments in the basement of the POKÉMON MANSION. Because it is completely blind, it attacks by sensing the body heat of its opponents. Its shadow often moves independently from its body."
4,,Umbrythera,Shadow Tyrant Pokemon,Dragon,Dark,Infiltrator,Mold Breaker,Shadow Tag,"15'02""",480 lb,90,145,105,55,100,105,600,"The final result of forbidden experiments conducted beneath the Pokémon Mansion. Umbrythera has no functioning eyes, yet it hunts with frightening precision by sensing the heat of living creatures. Its shadow behaves like a separate organism, striking prey a moment before the dragon itself attacks."
5,,Corrook,Mask Crow Pokemon,Dark,Flying,Super Luck,Frisk,Prankster,"1'08""",6.5 lb,55,65,35,40,40,70,305,"Corrook collect fragments of bone and wear them as masks to frighten intruders. Though they behave playfully, they are constantly observing their surroundings. As they grow older, their focus deepens and they evolve into the silent hunter known as Tengloom."
6,,Tengloom,Masked Ascetic Pokemon,Dark,Psychic,Inner Focus,Forewarn,Justified,"5'11""",105 lb,90,105,40,80,65,40,420,"It covers its face with a mask made of hardened bone. Although it appears to be meditating, its sharp claws are always ready to strike those who disturb its silence."
7,,Yokaerion,Shadow Warlord Pokemon,Dark ,Psychic,Inner Focus,Forewarn,Intimidate,"8'02""",135 lb,95,135,70,95,85,110,590,Yokaerion rules over the darkest forests like a silent warlord. It waits motionless in the treetops before descending upon intruders with psychic-enhanced talons.
8,,Noctenguard,Soul Judge Pokemon,Dark,Psychic,Super Luck,Forewarn,Psychic Surge,"6'07""",90 lb,100,90,85,130,105,80,590,Legends say Noctenguard judges the souls of those who wander sacred forests. Those deemed impure are struck down by invisible psychic blades.
9,,Aerochime,Wind Chime Pokemon,Flying,Steel,Soundproof,Keen Eye,Wind Rider,"2'03""",3.5 lb,45,35,55,73,40,90,338,"Forged centuries ago from polished steel and ancient winds, AEROCHIME is an animate sentinel that floats by manipulating wind currents. While physically fragile (DEF: 55, Sp. DEF: 40), it moves with astonishing speed (SPD: 90) and uses its sharp metal body to defend sacred locations. Its melodic chiming can often be heard on peaceful nights."
10,,Aerolyre,Wind Harp Pokemon,Flying,Steel,Soundproof,Keen Eye,Wind Rider,"4'09""",70 lb,65,70,85,95,70,80,465,"As AEROCHIME evolves, its body expands into a harp-like frame that captures and channels powerful wind currents. Ancient temples believed that the melodies produced by AEROLYRE could calm violent storms. When threatened, it releases razor-sharp gusts that slice through the air like blades."
11,,Tempestrael,Storm Organ Pokemon,Flying,Steel,Wind Rider,Soundproof,Gale Wings,"8'11""",185 lb,95,95,115,125,95,75,600,"Ancient civilizations forged TEMPESTRAEL as a sacred guardian to control violent mountain winds. Its enormous metallic pipes channel hurricane-force air currents that produce thunderous melodies heard for miles. Legends say when its haunting music echoes across the sky, a great storm will soon follow."
12,,Glacub,Frost Burrow Pokemon,Ground,Ice,Sturdy,Snow Cloak,Ice Body,"2'04""",65 lb,50,65,60,25,70,40,310,"GLACUB lived in icy caverns during ancient ice ages. Its rocky hide begins forming at birth as mineral-rich ice freezes around its fur. Though small, it uses its sharp claws to dig through frozen soil to search for nutrient-rich moss that grows beneath the ice."
13,,Glacioth,Glacial Carapace Pokemon,Ground,Ice,Thick Fat,Snow Cloak,Filter,"7'03""",620 lb,60,95,100,35,130,35,455,"A massive, ancient creature that inhabited glaciated caverns during ancient ice ages. Its slow, deliberate movements conserve energy in extreme cold. Its massive, rocky carapace (DEF 100) is infused with permanent glacial ice (SP. DEF 130), offering unparalleled protection. It uses its large, ice-capped claws to smash through frozen ground and ice to forage for nutrient-rich moss that grows only in sub-zero environments."
14,,Permafang,Permafrost Titan Pokemon,Ground,Ice,Thick Fat,Snow Cloak,Solid Rock,"10'08""","1,120 lb",105,130,130,45,140,40,590,PERMAFANG is believed to be the final form of a species that dominated ancient glacial caverns during prehistoric ice ages. Layers of rock and ice formed over centuries have fused into an impenetrable carapace. Entire cave systems have been discovered carved out by its massive claws as it searches for the rare moss that sustains it.
15,,Toximonk,Venom Monkey Pokemon,Fighting,Poison,Poison Touch ,Limber,Technician,"3'01""",40 lb,95,40,30,40,80,90,375,"A fast and agile jungle dweller. TOXIMONK relies on its incredible Speed to evade attacks while delivering stinging, venomous strikes with the sharp bone spurs on its limbs. While physically fragile (DEF 30), it can quickly poison opponents (ATK 40) before disappearing back into the treetops of Route 119. It often makes a low, chattering sound to communicate."
16,,Venomaki,Venom Ninja Pokemon,Fighting,Poison,Poison Touch ,Limber,Merciless,"5'04""",85 lb,100,85,55,60,90,110,500,VENOMAKI patrols dense jungle canopies where it silently stalks prey. Its elongated bone spurs drip with potent venom that can paralyze even large predators. It uses lightning-fast strikes before vanishing into the foliage.
17,,Venomandrill,Venom Blade Pokemon,Fighting,Poison,Poison Touch ,Limber,Merciless,"6'09"" ",120 lb,105,120,75,70,100,110,580,"VENOMANDRILL rules the upper canopy of dense jungle regions. Its bone spurs have grown into deadly venom-coated blades capable of piercing thick bark and bone alike. It strikes from above with blinding speed, poisoning its prey before they even realize they are under attack."
18,,Mycotick,Spore Parasite Pokemon,Bug,Poison,Effect Spore,Infiltrator,Corrosion,"0'08""",0.6 lb,55,40,25,65,50,65,300,"A tiny arthropod that thrives in the damp soil of Eterna Forest. Mycotick absorbs toxic compounds from underground fungi through its porous shell. When threatened, it releases faint glowing spores that irritate predators and obscure its escape."
19,,Mycovenox,Miasma Sovereign Pokemon,Poison,Bug,Corrosion,Stench,Adaptability,"3'02""",28 lb,95,65,60,135,95,105,555,"Deep within the mist-filled heart of Eterna Forest, Mycovenox roams the forest floor releasing massive clouds of toxic spores. The glowing vents along its body continuously produce volatile miasma that can blanket entire sections of forest. Ancient texts claim that early explorers avoided areas where its faint green glow could be seen through the fog."
20,,Scolitox,Miasma Arthropod Pokemon,Poison,Bug,Effect Spore,Swarm,Tinted Lens,"6'05""",72 lb,75,60,30,100,80,90,435,"Discovered deep within the ancient, misty groves of Sinnoh's Eterna Forest, Scolitox is known for the highly volatile toxic mist it constantly emits. It moves quickly on four segmented legs (Speed 80) but its physically weak body (DEF 30) forces it to avoid direct confrontation. It uses complex, glowing feelers and vents on its back (Sp. ATK 100) to spray large clouds of lethal miasma to defend itself and deter predators. It is believed to have mutated from ancient, now-extinct arthropods that inhabited the Sinnoh Underground, surviving on highly reactive fungi. This nocturnal Pokémon thrives in damp, dark environments where its bioluminescent markings offer a faint, deceptive glow to lure prey."
21,,Masklet,Mask Spirit Pokemon,Ghost,-,Cursed Body,Frisk,Infiltrator,"1'09""",4 lb,45,40,55,70,60,35,305,"A wandering spirit bound to a fragment of an ancient ceremonial mask. It drifts silently through the woods near Sinnoh’s Old Chateau, quietly observing travelers. When stared at directly, it quickly fades into mist."
22,,Gloamveil,Phantom Mask Pokemon,Ghost ,Dark,Cursed Body,Frisk,Infiltrator,"3'06""",15 lb,50,55,70,90,85,65,415,"Gloamveil drifts silently through the fog of Eterna Forest at dusk.
The mask it wears grows larger as it absorbs lingering emotions from travelers who pass through the woods at night."
23,,Nocturgeist,Nightmare Mask Pokemon,Dark,Ghost,Infiltrator,Frisk,Bad Dreams,"6'02""",65 lb,60,65,94,115,105,70,509,Legends from Sinnoh speak of a masked specter that waits silently within the fog surrounding the Old Chateau. Those who meet its burning gaze often lose their memory of the encounter entirely. It feeds on the confusion and fractured thoughts of travelers who wander too deep into the woods.
24,,Spectrovane,Weather Vane Pokemon,Flying,Ghost,Pressure,Cursed Body,Aerilate,"4'11""",243 lb,70,80,80,80,45,35,390,"This Pokémon is an antique weather vane from an abandoned Unovan factory that was possessed by the spirits of restless workers. At night it drifts through ruined industrial zones, silently rotating as if guided by invisible winds."
25,,Terratoxin,Toxic Bedrock Pokemon,Poison,Rock,Corrosion,Stench,Poison Touch,"6'07""",320 lb,91,130,120,55,55,95,546,"Born where ancient waste mounds hardened, Terratoxin drags itself from poinsoned earth. It exudes deadly gases that melt rock and sicken the unprepared."
26,,Astrolinth,Star Chart Pokemon,Psychic,Rock,Forewarn,Magic Bounce,Levitate,"2'10""",65 lb,78,65,70,81,50,25,369,Astrolinth's stone shell resembles ancient star maps. It reads the alignment of the cosmos to predict the movements of time to come. 
27,,Willoling,Lantern Pokemon,Ghost,Fairy,Illuminate,Cursed Body,Infiltrator,"1'02""",3.2 lb,45,40,60,40,100,55,340,"""Will-O"" The Lantern Pokemon. In graveyards, Willoling drift about in small groups, acting as gentle guides for lost and weary souls."
28,,Toxicreep,Sludge Skitter Pokemon,Poison,Rock,Corrosion,Stench,Speed Boost,"2'07""",35 lb,65,35,77,65,90,110,442,Toxicreep rapidly skitters over terrain on jogged rocks. The toxic sludge it secretes pollutes the environment as it dashes about.
29,,Trilithor,Living Fossil Pokemon,Rock,Bug,Battle Armor,Weak Armor,Sturdy,"3'09""",50 lb,85,50,70,25,48,30,308,"Living Fossil Pokemon. Trilithor isn't very quick, but it is tough. Sheltered beneath ancient shells, it slumbers deep underwater for centuries. "
30,,Oozyte,Bioelectric Ooze Pokemon,Poison,Electric,Static,Poison Touch,Volt Absorb,"3'05"" ",100 lb,106,100,15,74,160,80,535,"Oozyte lurks in murky water, it's toxic body generating bioelectric shocks. It's touch is dangerously numbing and its membrane absorbs electricity."
31,,Drakgeist,Bone Spirit Pokemon,Dragon,Ghost,Cursed Body,Infiltrator,Wandering Spirit,"6'00"" ",105 lb,45,105,54,87,55,65,411,"Drakgeist is a ghostly dragon spirit that possesses empty bones. It haunts old battlegrounds, yearning for battles long past."
32,,Frostingrave,Grave Frost Pokemon,Ghost,Ice,Cursed Body,Snow Cloak,Perish Body,"5'08""",210 lb,50,105,80,122,55,40,452,"Grave Frost Pokemon. Frostingrave, a vengeful spirit animating an icy carcass, lumbers about frozen gravesites while seeking its lost revenge."
33,,Badgerstone,Bedrock Burrow Pokemon,Ground,Normal,Sturdy,Sand Rush,Solid Rock,"3'07""",76 lb,55,76,115,100,90,90,526,Badgestone lines its tunnels with hardened earth that it compresses using vibrations from its body. The crystal-like stones growing from its back are pieces of ancient bedrock that have bonded to it over centuries.
34,,Okultus,Shadow Shaper Pokemon,Dark,Psychic,Slow Start,Synchronize,Aftermath,"5'03""",185 lb,100,70,80,145,120,85,600,"An enigmatic creature said to emerge from cosmic voids. Its stripes are believed to be portals to other dimensions. When threatened, it generates psychic barriers and instills an unsettling calm, drawing foes into a trance before unleashing a barrage of dark energy. Its movements are slow and deliberate, belying its true potential."
35,,Spectrostripe,Spectral Hunter Pokemon,Ghost,Steel,Ball Fetch,Frisk,Toxic Debris,"4'11""",165 lb,85,100,110,90,95,120,600,"Born from the spirits of ancient guardians and discarded metal, this elusive Pokémon phases through solid objects. Its metallic sheen deflects most attacks, and its incredible speed leaves only a trail of spectral energy. Fiercely territorial, it playfully retrieves lost items before vanishing into the shadows."
36,,Noctrich,Twilight Runner Pokemon,Dark,Normal,Shed Skin,Intimidate,Hustle,"8'02""",320 lb,110,155,80,60,130,145,680,"A creature of the twilight hours that thrives in dimly lit plains. Its powerful legs outrun almost any threat, though it prefers to avoid confrontation. Its plumage is deceptive camouflage, blending seamlessly into shadows. Though surprisingly timid, when cornered it unleashes devastatingly powerful dark and normal-type attacks."
37,,Thundermoo,Static Grove Pokemon,Grass,Electric,Suction Cups,Grass Pelt,Transistor,"10'06""","1,120 lb",130,120,110,100,90,50,600,"A living powerhouse that generates immense electrical charges through the flora growing on its hide. Its massive frame clears paths through dense forests, while suction cups on its feet grip any terrain. Its trunk detects minute electromagnetic changes and channels powerful electric attacks. A gentle giant, it nurtures smaller Pokémon but unleashes devastating thunderbolts when angered."
38,,Aquagrit,Torrent Claw Pokemon,Rock,Water,Hunger Switch,Swift Swim,Filter,"6'07""",480 lb,100,145,130,75,60,90,600,"As unyielding as mountains and as relentless as ocean currents, its body of jagged water-worn rocks withstands extreme pressures. It ambushes prey from coastal caves and rocky riverbeds with surprising speed. Its insatiable appetite drives constant, aggressive hunting. When threatened, it rapidly switches between a defensive stance and an offensive frenzy of powerful water-infused claws."
39,,Flora-Levi,Verdant Giant Pokemon,Grass,Fairy,Gluttony,Water Absorb,Merciless,"35'00""","4,200 lb",180,90,110,120,100,40,640,"This immense Pokémon drifts through clear waters, its back forming a living ecosystem of vibrant flora. It has a seemingly endless appetite, constantly grazing on aquatic plants, yet maintains a benevolent demeanor. However, when threatened or witnessing injustice, it shows no mercy — unleashing powerful attacks with its vast bulk and the force of nature."
40,,Castorcea,Frost Dam Pokemon,Water,Ice,Stench,Ice Body,Water Veil,"6'03""",290 lb,105,100,120,130,115,80,650,"A master architect of icy waterways, using its powerful tail to shape solid ice and redirect currents. It builds elaborate underwater structures from ice and stone as homes and hunting grounds. It emits a chilling scent that repels weaker Pokémon. Despite its formidable nature, it is incredibly agile in water, gliding through icy depths protected by a veil of pure water."
41,,Aquamace,Torrent Gazer Pokemon,Steel,Water,Stall,Swift Swim,Contrary,"4'07""",220 lb,80,120,110,55,90,95,550,"An elegant yet formidable Pokémon found near pristine water sources in arid regions. Its shimmering steel plates make it highly resilient, while its graceful movements navigate treacherous terrain with ease. Its powerful mace-like tail delivers devastating water-infused blows with surprising agility. Its serene gaze can reverse an opponent's strength against them."
42,,Chintillix,Gemstone Burrower Pokemon,Rock,Dragon,Run Away,Rattled,Stance Change,"1'08""",28 lb,55,120,110,70,100,115,570,"Despite its small stature, this fierce Pokémon possesses the raw power of ancient dragons and the resilience of solid rock. Its fur is tough and interspersed with sharp crystalline growths, and its segmented crystal tail can shatter boulders. Incredibly skittish, it flees at the first sign of danger — but when cornered, it transforms into an unyielding fighter. It carves intricate tunnels with its unique tail."
43,,Ignacrus,Ember Chirper Pokemon,Steel,Fire,Compound Eyes,Flash Fire,Punk Rock,"5'07""",195 lb,90,100,130,125,100,105,650,"Despite its delicate appearance, its metallic structure withstands intense heat and physical impacts, nesting in volcanic vents and active forges. Its body temperature is extremely high and its metal feathers radiate a fiery glow. Its large compound eyes detect minute changes in air currents and heat signatures. Its melodic calls can fully unleash a raw, punk-rock energy that disorients foes and empowers allies."
44,,Nectarmetal,Sweet Steel Pokemon,Steel,Fairy,Sweet Veil,Aroma Veil,Cloud Nine,"5'03""",420 lb,120,90,110,100,120,60,600,"This charming Pokémon resides in flower-filled meadows, its body covered in resilient silvery-pink steel adorned with fairy markings. Its long flexible metal snout emits a sweet aroma that lulls Bug-type Pokémon into a trance. Naturally benevolent, it spreads a soothing aura that prevents sleep. When it extends its snout, it can swiftly absorb energy or deliver powerful metallic strikes. In its presence, the weather grows calm and tranquil."
45,,Asterisk,Mimic Reef Pokemon,Bug,Rock,Disguise,Sturdy,Effect Spore,"5'03""",510 lb,90,85,140,55,110,40,520,"This unusual Pokémon dwells in rocky coastal areas and deep ocean trenches, perfectly camouflaged among geological formations. Its geode-like core offers exceptional defense against crushing pressures. It rearranges its rocky arm segments to mimic surrounding stones or coral, remaining motionless for days. When threatened, it releases clouds of mineral-infused spores from hidden pores, causing various status conditions."
46,,Cactalith,Sunstone Lizard Pokemon,Rock,Grass,Serence Grace,Sand Rush,Sheer Force,"5'11""",260 lb,85,125,90,60,80,110,550,"This resilient creature thrives in harsh, sun-drenched deserts, blending perfectly with rocky outcrops. Its body is covered in crystalline thorns as hard as granite that are capable of photosynthesis, allowing it to survive without traditional sustenance. It possesses an unexpectedly calm demeanor, often basking peacefully. In battle its serene movements can trigger secondary effects — but when truly provoked, it concentrates raw power into devastatingly potent attacks."
47,,Anemonix,Spectral Anemone Pokemon,Grass,Ghost,Hydration,Regenerator,Grassy Surge,"2'04""",18 lb,110,55,80,115,90,75,525,"This peculiar Pokémon inhabits the deepest parts of coral reefs, often drifting near ancient shipwrecks. Though appearing to be a vibrant clownfish, its body is a spectral illusion with fins formed from ghostly anemone tentacles. It heals itself in humid conditions, and its presence causes lush grasses to sprout rapidly, even underwater. Fiercely protective of its territory, it slowly drains the energy of those who disturb it."
48,,Noctroost,Midnight Crow Pokemon,Dark,Ice,Cursed Body,Pressure,Defiant,"5'11""",145 lb,110,130,90,80,110,80,600,"This formidable creature rules desolate icy peaks and frozen forests, active only under moonlight. Its piercing gaze strikes fear into any who trespass. Its comb and wattle, formed from cursed ice, emanate a chilling aura that disables opponents' moves. The spectral mist from its tail feathers can freeze water instantly. Incredibly proud and territorial — any attempt to intimidate it only strengthens its resolve and fuels its attacks."
49,,Embercap,Fiery Thiefling Pokemon,Fire,Bug,Pickpocket,Flame Body,Emergency Exit,"1'04""",12 lb,55,75,80,90,60,100,460,"This mischievous creature lurks in volcanic caves and smoldering ruins, disguised as discarded glowing rubble. Its fire-infused carapace protects against extreme heat and aids its camouflage. Notoriously stealthy, it swiftly snatches items from unsuspecting travelers. Despite its bold thievery, it is surprisingly timid when cornered — instantly vanishing in a puff of smoke and embers if its health runs low."
50,,Ghoulverine,Spectral Scavenger Pokemon,Steel,Ghost,Screen Cleaner,Mold Breaker,Lingering Aroma,"6'07""",195 lb,95,145,110,60,85,105,600,"This terrifying Pokémon lurks in war-torn landscapes and abandoned factories, feeding on lingering fear and decaying metals. Its gaunt metallic body moves with unsettling silence and speed. Its razor-sharp claws are extensions of its spectral essence, effortlessly tearing through physical and ethereal barriers alike. It leaves behind a faint, lingering scent of ozone and dread — a warning that a powerful spectral predator is near."
51,,Aquagoliah,Glacial Guardian Pokemon,Water,,Arena Trap,Water Absorb,Tablets of Ruin,"12'06""",980 lb,130,130,115,80,110,35,600,"This reclusive Pokémon dwells in the coldest mountain lakes and frozen caverns. Its enormous shaggy form withstands extreme cold and pressure, and it manipulates its watery environment using ice-encrusted fur to generate powerful currents. Once an opponent enters its domain, escape becomes nearly impossible. Its very presence weakens the defensive capabilities of all nearby Pokémon, making it a truly formidable force to reckon with."
52,,Lycanveil,Phantom Howler Pokemon,Ghost,Normal,Sharpness,Intrepid Sword,Wonder Guard,"6'11""",185 lb,90,145,90,60,95,120,600,"A creature of legend said to appear on moonlit nights in ancient, overgrown forests. Its form blends spectral energy and raw physical power, moving with incredible speed and silence. Its spectral claws effortlessly slice through physical and spiritual targets alike. It possesses an almost supernatural resilience, seemingly untouched by conventional attacks. Fiercely loyal to its chosen pack, its ghostly howls send shivers down the spine of even the bravest warriors."
53,,Pyrodra,Molten Guardian Pokemon,Steel,Fire,Zen Mode,Drought,Color Change,"18'08""","1,650 lb",120,100,130,120,110,20,600,"This ancient Pokémon dwells deep within volcanic caverns. Its body is composed of durable, heat-resistant steel housing a core of intense, volatile fire. It typically remains in a calm, meditative state, its inactive heads cooling to dark metal. When provoked, its dormant heads ignite with fury, unleashing a barrage of molten attacks. It can adapt its metallic sheen and fiery coloration to blend seamlessly into its superheated surroundings."
54,,Nocturna,Twilight Siren Pokemon,Psychic,Dark,Liquid Voice,Serene Grace,Gluttony,"5'07""",95 lb,95,65,80,145,100,115,600,"This enigmatic Pokémon dwells in ancient moonlit grottos near deep pools of water. Despite its fairy-like appearance, it possesses immense psychic and dark powers. Its beautiful voice can transform into a piercing sonic wave, affecting foes with an ethereal chill. Driven by an insatiable hunger for psychic energy and dark essences, it glides effortlessly through air and water alike. Its alluring presence leaves a lingering sense of unease in its wake."
55,,Cryodra,Glacial Serpent Pokemon,Steel,Ice,Shadow Shield,Ice Scales,Punk Rock,"24'07""","2,200 lb",120,130,110,80,75,85,600,"A ruler of the deepest, coldest oceans and frozen lakes, its body covered in razor-sharp ice scales that constantly shed icy water. Each of its heads possesses a distinct ice mask capable of unleashing blasts of frozen water or icy winds. A mysterious shadowy aura reduces damage it takes at full health. Its roars and calls echo through frigid waters with deafening intensity, capable of shaking the very foundations of icebergs."
56,,Venusaur (variant),Frost Bloom Pokemon,Ice,Water,Snow Warning,Ice Body,Slush Rush,"6'07""",580 lb,80,82,83,120,110,45,520,This regional variant developed in frozen northern tundras where sunlight is scarce. Its flower has crystallized into a magnificent ice lotus that draws energy from the aurora. The glacial petals can fire shards of ice cold enough to freeze a river solid in seconds.
57,,Charizard (variant),Tempest Drake Pokemon,Flying,Water,Swift Swim,Storm Drain,Cloud Nine,"5'07""",210 lb,78,84,78,129,85,106,560,"This variant evolved along storm-battered coastlines where volcanic activity is absent. Rather than fire, it expels high-pressure jets of water powerful enough to pierce solid rock. It rides hurricane winds effortlessly and is said to appear only during the most violent ocean storms, unbothered by the chaos surrounding it."
58,,Blastoise (variant),Toxic Cannon Pokemon,Steel,Poison,Corrosion,Poison Point,Merciless,"5'03""",980 lb,79,105,130,85,115,54,568,"This variant emerged in heavily polluted industrial zones, its shell having absorbed decades of heavy metals and toxic runoff until it hardened into reinforced steel plating. Its cannons no longer fire water — instead they launch streams of corrosive sludge capable of melting through concrete. The spikes covering its shell are laced with contact poison, making it dangerous to approach from any angle."
59,,Butterfree (variant),Canopy Butterfly Pokemon,Bug,Normal,Compound Eyes,Infiltrator,Tinted Lens,"3'07""",28 lb,65,50,60,90,85,80,430,"This variant evolved deep within ancient forest canopies where it rarely needs to leave the treetops. Its wings developed a stained-glass pattern that perfectly mimics sunlight filtering through leaves, making it nearly invisible at rest. Unlike its relative, it produces no sleep-inducing powder — instead it relies entirely on camouflage and stillness to avoid predators."
60,,Beedrill (variant),Pollinator Pokemon,Grass,Normal,Flower Veil,Honey Gather,Grassy Surge,"3'03""",55 lb,70,65,60,90,80,60,425,"This variant evolved in flower-rich enchanted forests where aggression offered no survival advantage. Its stingers transformed into pollen-gathering appendages, and it now spends its days drifting between blooms, nurturing the flora around it. Its presence alone causes nearby plants to flourish, and it is considered a symbol of good fortune by those who tend gardens."
61,,Pigeot (variant),Talon Brawler Pokemon,Fighting,,Scrappy,Iron Fist,Moxie,"5'07""",175 lb,83,135,90,55,75,103,541,"This variant evolved in deep canyon gorges where aerial hunting became impossible. Its wings gradually transformed into powerful muscular arms over generations, and its legs developed enough strength to crack solid rock with a single stomp. It fights exclusively on the ground using a combination of devastating kicks, talon strikes, and grappling techniques that even larger Pokémon struggle to withstand."
62,,Radicate (variant),Surge Rat Pokemon,Fire,Electric,Aftermath,Flame Body,Galvanize,"2'04""",42 lb,65,105,60,105,60,110,505,"This variant evolved in abandoned cities where decaying electrical infrastructure created a constant storm of fire and lightning. It feeds by gnawing through live cables and absorbing the discharged energy directly. Its coiling tail generates a continuous loop of supercharged flame and electricity, and its bite carries enough combined voltage and heat to melt through steel plating. Entire city blocks have been left without power after a colony passes through."
63,,Fearow (variant),Boreal Spear Pokemon,Grass,Ice,Snow Cloak,Leaf Guard,Refrigerate,"4'11""",72 lb,75,100,70,85,75,95,500,"This variant evolved in subarctic boreal forests, developing a crown of evergreen leaves that absorbs what little sunlight filters through the snow-laden canopy. Its long beak is permanently coated in a layer of ice, forming a frozen lance capable of piercing permafrost in a single strike. A patient and noble sentinel, it perches motionlessly for hours before descending with silent, precise precision on its quarry."
64,,Catacurse,Lost Lantern Pokemon,Ghost,,Intimidate,Cursed Body,Prankster,"2'07""",22.6 lb,48,55,45,68,54,70,340,"Catacurse is said to be born from a lost cat's spirit that took refuge inside an abandoned jack-o'-lantern. Its pumpkin mask glows with a soft, eerie light that flickers when it senses fear nearby. The vine on its head smolders with ghostly fire, and its tail burns with a spectral flame that never goes out — said to mark the boundary between the living and the spirit world."
65,,Hexpurr,Hexcraft Pokemon,Ghost ,Dark,Intimidate,Cursed Body,Prankster,"3'10""",32.1 lb,65,75,60,95,70,85,450,"Hexpurr is said to be a spirit that has mastered the art of mischief and hexcraft. Its pumpkin head burns with cursed embers that never fade, and the eerie staff it wields is carved from its own spectral tail. When it waves the staff, nearby lights flicker and shadows twist into strange shapes. Legends claim that it guards the boundary between the living and the dead during the harvest moon."
66,,Hexaroyal,Harvest Soveregn Pokemon,Ghost,Fairy,Initimidate,Cursed Body,Sheer Force,"4'10""",54.1 lb,80,70,80,120,100,90,540,"Hexaroyal reigns over wandering souls with both grace and terror. Once a mischievous conjurer, it ascended to spectral royalty after mastering the balance between trickery and compassion. Its carved pumpkin crown glows like a lantern of judgment — the right eye burns softly with mercy, the left flares fiercely with wrath. On All Hallows' Eve, it blesses those who honor the departed and curses those who mock them."
67,,Mudkin,Harvest Guardian Pokemon,Ground,,Steelworker,Sturdy,Sand Force,"3'08""",61.3 lb,55,65,60,45,50,45,320,"Formed from rain-soaked clay infused with harvest spirit energy, its heavy earthen body is soft but incredibly durable, reshaping itself to mend damage or repair the ground it walks on. Despite its unsettling grin, Mudkin is a gentle farmland guardian — patrolling fields, scaring off intruders, and warming the soil with its faint inner glow. Farmers consider its presence a blessing of fertile earth and plentiful harvest."
68,,Cloddrum,Iron Earth Pokemon,Ground,Steel,Steelworker,Solid Rock,Sand Force,"8'07""",214.7 lb,80,90,85,60,75,50,440,"Its body is now packed with dense minerals, forming rocky armor that rings like metal when struck. Its enormous arms, forged from layers of clay and ore, act as both tools and weapons — capable of digging vast trenches or leveling mountainsides. Each blow from its fists releases deep vibrations that revitalize barren land. Despite its intimidating frame, Cloddrum remains calm and purposeful, repairing and shaping the world with the patience of the earth itself."
69,,Terragarde,Living Fortress Pokemon,Ground,Steel,Steelworker,Filter,Queenly Majesty,"11'10""",432.6 lb,100,125,120,70,95,50,560,"Its once-earthen body has fully fused with ore and mineral, becoming a living fortress of soil and steel. It stands immovable in ancient fields, its heavy steps shaping the land beneath it. When great droughts or calamities strike, Terragarde awakens to restore balance — its footsteps leaving behind fertile ground. Farmers and travelers tell tales of hearing its rhythmic tremors long before it appears, a reminder that the earth itself watches over them."
70,,Luminelk,Lantern Stag Pokemon,Electric,,Magic Guard,Static,Volt Absorb,"2'07""",38.4 lb,50,60,45,65,55,70,345,"Its small antlers constantly emit gentle arcs of electricity that light up its surroundings like lanterns in the dark. Playful and loyal, it often uses its charged antlers to guide travelers through stormy weather. When excited its sparks intensify into dazzling flashes that can momentarily blind predators. Its bright antlers glow strongest when it senses kindness in others."
71,,Voltindra,Storm Mind Pokemon,Electric ,Psychic,Magic Guard,Telepathy,Volt Absorb,"4'04""",91.8 lb,70,65,65,95,75,85,455,"As it evolves, its electric power fuses with psychic energy, allowing it to sense and manipulate atmospheric currents. Its glowing antlers pulse in rhythm with its brainwaves, projecting faint light patterns that calm allies or disorient foes. When thunderstorms approach, it raises its head to the sky and releases a harmonic pulse, guiding stray lightning away from vulnerable Pokémon. It communicates through subtle bursts of static and emotion rather than sound."
72,,Luminstag,Aurora Stag Pokemon,Electric,Psychic,Magic Guard,Telepathy,Adaptability,"6'05""",185.3 lb,85,75,80,125,110,95,570,"Luminstag radiates an aura of calm power, its luminous antlers pulsing like twin thunderclouds filled with psychic energy. It senses and shapes electromagnetic fields with pure thought, guiding lightning away from danger and channeling it into protective barriers. Legends say it appears atop mountains before great storms, its glowing circuitry forming sacred patterns that stabilize the atmosphere. With intelligence surpassing most Pokémon, it communicates telepathically through flashes of light and faint echoes in the mind."
73,,Cindimouse,Wisp Mouse Pokemon,Fire,,Blaze,Flash Fire,Flame Body,"1'04""",6.8 lb,65,45,15,30,15,25,195,"Cindimouse are said to be born from wandering will-o-wisps that gather warmth inside abandoned hearths. Travelers who follow their flickering tails often find themselves safely guided out of dark forests or deserts. However, if angered, the tiny flames around its body flare up and scorch anything nearby."
74,,Pyroboa,Ember Guide Pokemon,Fire,,Blaze,Flash Fire,Flame Body,"2'11""",26.0 lb,85,65,35,60,35,55,335,"Pyroboa use the floating flames on their tails to illuminate dark paths. According to old legends, travelers who follow the dancing lights of Pyroboa will be led safely home. However, those who attempt to capture its flames may find themselves surrounded by scorching fire."
75,,Ignispirit,Spirit Flame Pokemon,Fire,Ghost,Blaze,Flash Fire,Flame Body,"5'07""",71.8 lb,105,85,60,110,65,105,530,"Ignispirit are believed to be ancient guardians born from wandering spirit flames. In desert nights and deep forests, travelers sometimes see a ring of ghostly lights moving through the darkness. Those who follow them safely reach their destination, but those who disturb the flames risk being lost in a maze of burning spirits."
76,,Kapplet,Pond Spirit Pokemon,Water,,Torrent,Shell Armor,Water Absorb,"1'08""",13.7 lb,10,10,65,45,30,45,205,Kapplet dwell in quiet ponds and shaded riverbanks. The water they carry atop their heads is said to be drawn from the purest underground springs. Old legends say travelers who help refill a weakened Kapplet’s water bowl will be guided safely through dangerous wetlands.
77,,Kappond,River Spirit Pokemon,Water,,Torrent,Shell Armor,Water Absorb,"3'03""",41.2 lb,55,40,85,65,55,55,355,"Kappond are known to guard rivers and springs where the water is especially pure. It is said that the water in the bowl atop its head contains mysterious power. When angered, Kappond can manipulate nearby water currents to drag intruders away from its territory."
78,,Kappashido,River Guardian Pokemon,Water,Fighting,Torrent,Shell Armor,Water Absorb,"6'07""",217 lb,105,115,110,70,80,50,530,"Kappashido are ancient guardians of rivers and wetlands. Legends say they once challenged warriors to tests of strength and honor. The sacred water they carry atop their heads is said to hold immense power—if it spills, their strength fades until they can refill it in a pure spring."
79,,Mosspryte,Forest Spirit Pokemon,Grass,,Overgrow,Leaf Guard,Chlorophyll,"1'00""",5.3 lb,25,10,15,30,40,50,170,"Mosspryte are said to be born from seeds that fall in ancient forests untouched by humans. They silently watch over woodland ecosystems, helping plants grow and guiding lost Pokémon back to safe paths. When a Mosspryte disappears, flowers often bloom in the spot where it once stood."
80,,Slyphern,Woodland Spirit Pokemon,Grass,,Overgrow,Leaf Guard,Chlorophyll,"2'11""",27.8 lb,60,35,40,65,60,70,330,"Sylphern quietly patrol ancient forests, ensuring the balance of plant life remains undisturbed. It can accelerate the growth of moss, vines, and flowers wherever it walks. Many believe that Sylphern are the young guardians chosen by the forest itself."
81,,Verderion,Ancient Grove Pokemon,Grass,Fairy,Overgrow,Leaf Guard,Chlorophyll,"6'11""",128.7 lb,90,55,75,120,95,95,530,"Verdorion are said to dwell deep within forests that have existed for centuries. It rarely appears to humans, but legends say it protects ancient groves from destruction. Wherever Verdorion walks, dying forests begin to flourish once again."
82,,Tanukindle,Trickster Tanuki Pokemon,Normal,Dark,Run Away,Pickup,Prankster,"2'04""",21 lb,55,45,40,40,40,60,280,"Tanukindle are playful tricksters that live near forests and villages. They are known to disguise themselves as ordinary objects to startle travelers. Despite their pranks, they rarely mean harm and often return lost items they have secretly borrowed."
83,,Danukage,Illusion Tanuki Pokemon,Normal,Dark,Run Away,Pickup,Prankster,"4'07""",72.3 lb,90,85,70,70,75,110,500,"Danukage are legendary pranksters said to roam forests near villages. Using powerful illusions, they can disguise themselves as monks, statues, or even entire houses. Despite their mischievous tricks, many stories claim Danukage secretly protect the forests they inhabit."
84,,Onibrawl,Ogre Warrior Pokemon,Fighting,Fire,Anger Point,Intimidate,Iron Fist,"4'11""",172 lb,65,80,55,45,45,65,355,"Onibrawl are said to live near volcanic mountains where they train their strength by smashing boulders and sparring with each other. Legends say that when their horns ignite with flame, an Onibrawl is preparing to challenge the strongest opponent it can find."
85,,Infernogre,Hellfire Oni Pokemon,Fighting,Fire,Anger Point,Intimidate,Iron Fist,"7'10""",402 lb,100,120,90,60,75,85,530,"Infernogre are feared as the rulers of volcanic mountains. Ancient tales claim that when Infernogre clash in battle, their blows echo like thunder and sparks rain from the sky. Despite their terrifying power, they follow a strict code of honor and respect only the strongest opponents."
86,,Chimet,Chime Pokemon,Fairy,,Cute Charm,Soundproof,Prankster,"1'04""",6.2 lb,40,50,45,55,35,25,250,"Chimet gathers in areas with gentle winds, where its soft ringing is said to calm uneasy hearts. People often hang charms to invite it closer, unaware that its evolution brings a far more mischievous presence."
87,,Bellitoll,Warding Bell Pokemon,Fairy,,Prankster,Cute Charm,Cursed Body,"2'04""",18.5 lb,50,90,70,65,40,30,345,"Bellitoll gathers near homes where people hang protective charms. Though it appears harmless, its gentle chime can lull listeners into a trance. Legends say those who follow its sound into the night are never seen again—only the faint ringing remains."
88,,Silhouraith,Shadow Lurker Pokemon,Dark,,Illusion,Pressure,Infiltrator,"6'03""",0.0 lb,95,85,90,100,38,85,493,"Silhouraith is said to be a shadow that lost its original body and gained a will of its own. It silently follows travelers at dusk, mimicking their movements. Those who notice it report feeling watched—even when alone."
89,,Mantikrawl,Siege Mantis Pokemon,Bug,Fighting,Battle Armor,Iron Fist,Stamina,"4'03""",198 lb,80,70,100,100,116,30,496,"Mantikrawl are said to be the reincarnation of ancient battlefield spirits that refused to fall. They wander old ruins, challenging any who approach. The dents in their armor are not signs of weakness, but proof of every battle they have survived—and won."
90,,Whisprout,Oracle Sprout Pokemon,Grass,Psychic,Chlorophyll,Forewarn,Prankster,"1'08""",6.4 lb,60,42,60,45,60,105,372,"Whisprout are said to hear echoes of the future carried on the wind. They gather in quiet forests, where they silently warn each other of danger seconds before it arrives. Travelers who follow their subtle movements may avoid unseen threats—but those who ignore them often find themselves lost."
91,,Oraculora,Prophecy Bloom Pokemon,Grass,Psychic,Chlorophyll,Synchronize,Prankster,"5'07""",68.5 lb,85,55,80,105,100,115,540,"Oraculora are revered as living oracles deep within ancient forests. It is said they perceive countless possible futures at once, guiding lost Pokémon with silent gestures. However, when angered, they trap opponents in illusions of their own downfall, striking only when escape is impossible."
92,,Raijikara,Thunder Cicada Pokemon,Bug,Electric,Soundproof,Swarm,Motor Drive,"3'11""",48.5 lb,70,155,50,64,80,60,479,"After remaining underground for years, Raijikara emerge during thunderstorms. Their cries resonate like rolling thunder, and the vibrations they produce can shatter stone. Ancient folklore claims their song is what summons lightning from the sky."
93,,Glaciadon,Permafrost Beast Pokemon,Ice,,Slush Rush,Ice Body,Thick Fat,"7'02""",684 lb,100,115,110,70,75,112,582,"Glaciadon are believed to be remnants of the Ice Age, preserved within layers of permafrost for thousands of years. When awakened, they roam silently across frozen lands, their movements causing sudden blizzards. Legends say entire valleys were buried in ice after a herd passed through."
94,,,,,,,,,,,,,,,,,0,
95,,,,,,,,,,,,,,,,,0,
96,,,,,,,,,,,,,,,,,0,
97,,,,,,,,,,,,,,,,,0,
98,,,,,,,,,,,,,,,,,0,
99,,,,,,,,,,,,,,,,,0,
100,,,,,,,,,,,,,,,,,0,
,,,,,,,,,,,,,,,,,0,
,,,,,,,,,,,,,,,,,0,
,,,,,,,,,,,,,,,,,0,
,,,,,,,,,,,,,,,,,0,
,,,,,,,,,,,,,,,,,0,
,,,,,,,,,,,,,,,,,0,
,,,,,,,,,,,,,,,,,0,
,,,,,,,,,,,,,,,,,0,
,,,,,,,,,,,,,,,,,0,
,,,,,,,,,,,,,,,,,0,
,,,,,,,,,,,,,,,,,0,
,,,,,,,,,,,,,,,,,0,
,,,,,,,,,,,,,,,,,0,
,,,,,,,,,,,,,,,,,0,
,,,,,,,,,,,,,,,,,0,
,,,,,,,,,,,,,,,,,0,
,,,,,,,,,,,,,,,,,0,
,,,,,,,,,,,,,,,,,0,
,,,,,,,,,,,,,,,,,0,
,,,,,,,,,,,,,,,,,0,
,,,,,,,,,,,,,,,,,0,
,,,,,,,,,,,,,,,,,0,
,,,,,,,,,,,,,,,,,0,
,,,,,,,,,,,,,,,,,0,
,,,,,,,,,,,,,,,,,0,
,,,,,,,,,,,,,,,,,0,
,,,,,,,,,,,,,,,,,0,
,,,,,,,,,,,,,,,,,0,
,,,,,,,,,,,,,,,,,0,
,,,,,,,,,,,,,,,,,0,
,,,,,,,,,,,,,,,,,0,
,,,,,,,,,,,,,,,,,0,
,,,,,,,,,,,,,,,,,0,
,,,,,,,,,,,,,,,,,0,
,,,,,,,,,,,,,,,,,0,
,,,,,,,,,,,,,,,,,0,
,,,,,,,,,,,,,,,,,0,
,,,,,,,,,,,,,,,,,0,
,,,,,,,,,,,,,,,,,0,
,,,,,,,,,,,,,,,,,0,
,,,,,,,,,,,,,,,,,0,
,,,,,,,,,,,,,,,,,0,
,,,,,,,,,,,,,,,,,0,
,,,,,,,,,,,,,,,,,0,
,,,,,,,,,,,,,,,,,0,
,,,,,,,,,,,,,,,,,0,
,,,,,,,,,,,,,,,,,0,
,,,,,,,,,,,,,,,,,0,
,,,,,,,,,,,,,,,,,0,
,,,,,,,,,,,,,,,,,0,
,,,,,,,,,,,,,,,,,0,
,,,,,,,,,,,,,,,,,0,
,,,,,,,,,,,,,,,,,0,
,,,,,,,,,,,,,,,,,0,
,,,,,,,,,,,,,,,,,0,
,,,,,,,,,,,,,,,,,0,
,,,,,,,,,,,,,,,,,0,
,,,,,,,,,,,,,,,,,0,
,,,,,,,,,,,,,,,,,0,
,,,,,,,,,,,,,,,,,0,
,,,,,,,,,,,,,,,,,0,
,,,,,,,,,,,,,,,,,0,
,,,,,,,,,,,,,,,,,0,
,,,,,,,,,,,,,,,,,0,
,,,,,,,,,,,,,,,,,0,
,,,,,,,,,,,,,,,,,0,
,,,,,,,,,,,,,,,,,0,
,,,,,,,,,,,,,,,,,0,
,,,,,,,,,,,,,,,,,0,
,,,,,,,,,,,,,,,,,0,
,,,,,,,,,,,,,,,,,0,
,,,,,,,,,,,,,,,,,0,
,,,,,,,,,,,,,,,,,0,
,,,,,,,,,,,,,,,,,0,
,,,,,,,,,,,,,,,,,0,
,,,,,,,,,,,,,,,,,0,
,,,,,,,,,,,,,,,,,0,
,,,,,,,,,,,,,,,,,0,
,,,,,,,,,,,,,,,,,0,
,,,,,,,,,,,,,,,,,0,
,,,,,,,,,,,,,,,,,0,
,,,,,,,,,,,,,,,,,0,
,,,,,,,,,,,,,,,,,0,
,,,,,,,,,,,,,,,,,0,
,,,,,,,,,,,,,,,,,0,
,,,,,,,,,,,,,,,,,0,
,,,,,,,,,,,,,,,,,0,
,,,,,,,,,,,,,,,,,0,
,,,,,,,,,,,,,,,,,0,
,,,,,,,,,,,,,,,,,0,
,,,,,,,,,,,,,,,,,0,
,,,,,,,,,,,,,,,,,0,
,,,,,,,,,,,,,,,,,0,
,,,,,,,,,,,,,,,,,0,
,,,,,,,,,,,,,,,,,0,
,,,,,,,,,,,,,,,,,0,
,,,,,,,,,,,,,,,,,0,
,,,,,,,,,,,,,,,,,0,
,,,,,,,,,,,,,,,,,0,
,,,,,,,,,,,,,,,,,0,
,,,,,,,,,,,,,,,,,0,
,,,,,,,,,,,,,,,,,0,
,,,,,,,,,,,,,,,,,0,
,,,,,,,,,,,,,,,,,0,
,,,,,,,,,,,,,,,,,0,
,,,,,,,,,,,,,,,,,0,
,,,,,,,,,,,,,,,,,0,
,,,,,,,,,,,,,,,,,0,
,,,,,,,,,,,,,,,,,0,
,,,,,,,,,,,,,,,,,0,
,,,,,,,,,,,,,,,,,0,
,,,,,,,,,,,,,,,,,0,
,,,,,,,,,,,,,,,,,0,
,,,,,,,,,,,,,,,,,0,
,,,,,,,,,,,,,,,,,0,
,,,,,,,,,,,,,,,,,0,
,,,,,,,,,,,,,,,,,0,
,,,,,,,,,,,,,,,,,0,
,,,,,,,,,,,,,,,,,0,
,,,,,,,,,,,,,,,,,0,
,,,,,,,,,,,,,,,,,0,
,,,,,,,,,,,,,,,,,0,
,,,,,,,,,,,,,,,,,0,
,,,,,,,,,,,,,,,,,0,
,,,,,,,,,,,,,,,,,0,
,,,,,,,,,,,,,,,,,0,
,,,,,,,,,,,,,,,,,0,
,,,,,,,,,,,,,,,,,0,
,,,,,,,,,,,,,,,,,0,
,,,,,,,,,,,,,,,,,0,
,,,,,,,,,,,,,,,,,0,
,,,,,,,,,,,,,,,,,0,
,,,,,,,,,,,,,,,,,0,
,,,,,,,,,,,,,,,,,0,
,,,,,,,,,,,,,,,,,0,
,,,,,,,,,,,,,,,,,0,
,,,,,,,,,,,,,,,,,0,
,,,,,,,,,,,,,,,,,0,
,,,,,,,,,,,,,,,,,0,
,,,,,,,,,,,,,,,,,0,
,,,,,,,,,,,,,,,,,0,
,,,,,,,,,,,,,,,,,0,
,,,,,,,,,,,,,,,,,0,
,,,,,,,,,,,,,,,,,0,
,,,,,,,,,,,,,,,,,0,
,,,,,,,,,,,,,,,,,0,
,,,,,,,,,,,,,,,,,0,
,,,,,,,,,,,,,,,,,0,
,,,,,,,,,,,,,,,,,0,
,,,,,,,,,,,,,,,,,0,
,,,,,,,,,,,,,,,,,0,
,,,,,,,,,,,,,,,,,0,
,,,,,,,,,,,,,,,,,0,
,,,,,,,,,,,,,,,,,0,
,,,,,,,,,,,,,,,,,0,
,,,,,,,,,,,,,,,,,0,
,,,,,,,,,,,,,,,,,0,
,,,,,,,,,,,,,,,,,0,
,,,,,,,,,,,,,,,,,0,
,,,,,,,,,,,,,,,,,0,
,,,,,,,,,,,,,,,,,0,
,,,,,,,,,,,,,,,,,0,
,,,,,,,,,,,,,,,,,0,
,,,,,,,,,,,,,,,,,0,
,,,,,,,,,,,,,,,,,0,
,,,,,,,,,,,,,,,,,0,
,,,,,,,,,,,,,,,,,0,
,,,,,,,,,,,,,,,,,0,
,,,,,,,,,,,,,,,,,0,
,,,,,,,,,,,,,,,,,0,
,,,,,,,,,,,,,,,,,0,
,,,,,,,,,,,,,,,,,0,
,,,,,,,,,,,,,,,,,0,
,,,,,,,,,,,,,,,,,0,
,,,,,,,,,,,,,,,,,0,
,,,,,,,,,,,,,,,,,0,
,,,,,,,,,,,,,,,,,0,
,,,,,,,,,,,,,,,,,0,
,,,,,,,,,,,,,,,,,0,
,,,,,,,,,,,,,,,,,0,
,,,,,,,,,,,,,,,,,0,
,,,,,,,,,,,,,,,,,0,
,,,,,,,,,,,,,,,,,0,
,,,,,,,,,,,,,,,,,0,
,,,,,,,,,,,,,,,,,0,
,,,,,,,,,,,,,,,,,0,
,,,,,,,,,,,,,,,,,0,
,,,,,,,,,,,,,,,,,0,
,,,,,,,,,,,,,,,,,0,
,,,,,,,,,,,,,,,,,0,
,,,,,,,,,,,,,,,,,0,
,,,,,,,,,,,,,,,,,0,
,,,,,,,,,,,,,,,,,0,
,,,,,,,,,,,,,,,,,0,
,,,,,,,,,,,,,,,,,0,
,,,,,,,,,,,,,,,,,0,
,,,,,,,,,,,,,,,,,0,
,,,,,,,,,,,,,,,,,0,
,,,,,,,,,,,,,,,,,0,
,,,,,,,,,,,,,,,,,0,
,,,,,,,,,,,,,,,,,0,
,,,,,,,,,,,,,,,,,0,
,,,,,,,,,,,,,,,,,0,
,,,,,,,,,,,,,,,,,0,
,,,,,,,,,,,,,,,,,0,
,,,,,,,,,,,,,,,,,0,
,,,,,,,,,,,,,,,,,0,
,,,,,,,,,,,,,,,,,0,
,,,,,,,,,,,,,,,,,0,
,,,,,,,,,,,,,,,,,0,
,,,,,,,,,,,,,,,,,0,
,,,,,,,,,,,,,,,,,0,
,,,,,,,,,,,,,,,,,0,
,,,,,,,,,,,,,,,,,0,
,,,,,,,,,,,,,,,,,0,
,,,,,,,,,,,,,,,,,0,
,,,,,,,,,,,,,,,,,0,
,,,,,,,,,,,,,,,,,0,
,,,,,,,,,,,,,,,,,0,
,,,,,,,,,,,,,,,,,0,
,,,,,,,,,,,,,,,,,0,
,,,,,,,,,,,,,,,,,0,
,,,,,,,,,,,,,,,,,0,
,,,,,,,,,,,,,,,,,0,
,,,,,,,,,,,,,,,,,0,
,,,,,,,,,,,,,,,,,0,
,,,,,,,,,,,,,,,,,0,
,,,,,,,,,,,,,,,,,0,
,,,,,,,,,,,,,,,,,0,
,,,,,,,,,,,,,,,,,0,
,,,,,,,,,,,,,,,,,0,
,,,,,,,,,,,,,,,,,0,
,,,,,,,,,,,,,,,,,0,
,,,,,,,,,,,,,,,,,0,
,,,,,,,,,,,,,,,,,0,
,,,,,,,,,,,,,,,,,0,
,,,,,,,,,,,,,,,,,0,
,,,,,,,,,,,,,,,,,0,
,,,,,,,,,,,,,,,,,0,
,,,,,,,,,,,,,,,,,0,
,,,,,,,,,,,,,,,,,0,
,,,,,,,,,,,,,,,,,0,
,,,,,,,,,,,,,,,,,0,
,,,,,,,,,,,,,,,,,0,
,,,,,,,,,,,,,,,,,0,
,,,,,,,,,,,,,,,,,0,
,,,,,,,,,,,,,,,,,0,
,,,,,,,,,,,,,,,,,0,
,,,,,,,,,,,,,,,,,0,
,,,,,,,,,,,,,,,,,0,
,,,,,,,,,,,,,,,,,0,
,,,,,,,,,,,,,,,,,0,
,,,,,,,,,,,,,,,,,0,
,,,,,,,,,,,,,,,,,0,
,,,,,,,,,,,,,,,,,0,
,,,,,,,,,,,,,,,,,0,
,,,,,,,,,,,,,,,,,0,
,,,,,,,,,,,,,,,,,0,
,,,,,,,,,,,,,,,,,0,
,,,,,,,,,,,,,,,,,0,
,,,,,,,,,,,,,,,,,0,
,,,,,,,,,,,,,,,,,0,
,,,,,,,,,,,,,,,,,0,
,,,,,,,,,,,,,,,,,0,
,,,,,,,,,,,,,,,,,0,
,,,,,,,,,,,,,,,,,0,
,,,,,,,,,,,,,,,,,0,
,,,,,,,,,,,,,,,,,0,
,,,,,,,,,,,,,,,,,0,
,,,,,,,,,,,,,,,,,0,
,,,,,,,,,,,,,,,,,0,
,,,,,,,,,,,,,,,,,0,
,,,,,,,,,,,,,,,,,0,
,,,,,,,,,,,,,,,,,0,
,,,,,,,,,,,,,,,,,0,
,,,,,,,,,,,,,,,,,0,
,,,,,,,,,,,,,,,,,0,
,,,,,,,,,,,,,,,,,0,
,,,,,,,,,,,,,,,,,0,
,,,,,,,,,,,,,,,,,0,
,,,,,,,,,,,,,,,,,0,
,,,,,,,,,,,,,,,,,0,
,,,,,,,,,,,,,,,,,0,
,,,,,,,,,,,,,,,,,0,
,,,,,,,,,,,,,,,,,0,
,,,,,,,,,,,,,,,,,0,
,,,,,,,,,,,,,,,,,0,
,,,,,,,,,,,,,,,,,0,
,,,,,,,,,,,,,,,,,0,
,,,,,,,,,,,,,,,,,0,
,,,,,,,,,,,,,,,,,0,
,,,,,,,,,,,,,,,,,0,
,,,,,,,,,,,,,,,,,0,
,,,,,,,,,,,,,,,,,0,
,,,,,,,,,,,,,,,,,0,
,,,,,,,,,,,,,,,,,0,
,,,,,,,,,,,,,,,,,0,
,,,,,,,,,,,,,,,,,0,
,,,,,,,,,,,,,,,,,0,
,,,,,,,,,,,,,,,,,0,
,,,,,,,,,,,,,,,,,0,
,,,,,,,,,,,,,,,,,0,
,,,,,,,,,,,,,,,,,0,
,,,,,,,,,,,,,,,,,0,
,,,,,,,,,,,,,,,,,0,
,,,,,,,,,,,,,,,,,0,
,,,,,,,,,,,,,,,,,0,
,,,,,,,,,,,,,,,,,0,
,,,,,,,,,,,,,,,,,0,
,,,,,,,,,,,,,,,,,0,
,,,,,,,,,,,,,,,,,0,
,,,,,,,,,,,,,,,,,0,
,,,,,,,,,,,,,,,,,0,
,,,,,,,,,,,,,,,,,0,
,,,,,,,,,,,,,,,,,0,
,,,,,,,,,,,,,,,,,0,
,,,,,,,,,,,,,,,,,0,
,,,,,,,,,,,,,,,,,0,
,,,,,,,,,,,,,,,,,0,
,,,,,,,,,,,,,,,,,0,
,,,,,,,,,,,,,,,,,0,
,,,,,,,,,,,,,,,,,0,
,,,,,,,,,,,,,,,,,0,
,,,,,,,,,,,,,,,,,0,
,,,,,,,,,,,,,,,,,0,
,,,,,,,,,,,,,,,,,0,
,,,,,,,,,,,,,,,,,0,
,,,,,,,,,,,,,,,,,0,
,,,,,,,,,,,,,,,,,0,
,,,,,,,,,,,,,,,,,0,
,,,,,,,,,,,,,,,,,0,
,,,,,,,,,,,,,,,,,0,
,,,,,,,,,,,,,,,,,0,
,,,,,,,,,,,,,,,,,0,
,,,,,,,,,,,,,,,,,0,
,,,,,,,,,,,,,,,,,0,
,,,,,,,,,,,,,,,,,0,
,,,,,,,,,,,,,,,,,0,
,,,,,,,,,,,,,,,,,0,
,,,,,,,,,,,,,,,,,0,
,,,,,,,,,,,,,,,,,0,
,,,,,,,,,,,,,,,,,0,
,,,,,,,,,,,,,,,,,0,
,,,,,,,,,,,,,,,,,0,
,,,,,,,,,,,,,,,,,0,
,,,,,,,,,,,,,,,,,0,
,,,,,,,,,,,,,,,,,0,
,,,,,,,,,,,,,,,,,0,
,,,,,,,,,,,,,,,,,0,
,,,,,,,,,,,,,,,,,0,
,,,,,,,,,,,,,,,,,0,
,,,,,,,,,,,,,,,,,0,
,,,,,,,,,,,,,,,,,0,
,,,,,,,,,,,,,,,,,0,
,,,,,,,,,,,,,,,,,0,
,,,,,,,,,,,,,,,,,0,
,,,,,,,,,,,,,,,,,0,
,,,,,,,,,,,,,,,,,0,
,,,,,,,,,,,,,,,,,0,
,,,,,,,,,,,,,,,,,0,
,,,,,,,,,,,,,,,,,0,
,,,,,,,,,,,,,,,,,0,
,,,,,,,,,,,,,,,,,0,
,,,,,,,,,,,,,,,,,0,
,,,,,,,,,,,,,,,,,0,
,,,,,,,,,,,,,,,,,0,
,,,,,,,,,,,,,,,,,0,
,,,,,,,,,,,,,,,,,0,
,,,,,,,,,,,,,,,,,0,
,,,,,,,,,,,,,,,,,0,
,,,,,,,,,,,,,,,,,0,
,,,,,,,,,,,,,,,,,0,
,,,,,,,,,,,,,,,,,0,
,,,,,,,,,,,,,,,,,0,
,,,,,,,,,,,,,,,,,0,
,,,,,,,,,,,,,,,,,0,
,,,,,,,,,,,,,,,,,0,
,,,,,,,,,,,,,,,,,0,
,,,,,,,,,,,,,,,,,0,
,,,,,,,,,,,,,,,,,0,
,,,,,,,,,,,,,,,,,0,
,,,,,,,,,,,,,,,,,0,
,,,,,,,,,,,,,,,,,0,
,,,,,,,,,,,,,,,,,0,
,,,,,,,,,,,,,,,,,0,
,,,,,,,,,,,,,,,,,0,
,,,,,,,,,,,,,,,,,0,
,,,,,,,,,,,,,,,,,0,
,,,,,,,,,,,,,,,,,0,
,,,,,,,,,,,,,,,,,0,
,,,,,,,,,,,,,,,,,0,
,,,,,,,,,,,,,,,,,0,
,,,,,,,,,,,,,,,,,0,
,,,,,,,,,,,,,,,,,0,
,,,,,,,,,,,,,,,,,0,
,,,,,,,,,,,,,,,,,0,
,,,,,,,,,,,,,,,,,0,
,,,,,,,,,,,,,,,,,0,
,,,,,,,,,,,,,,,,,0,
,,,,,,,,,,,,,,,,,0,
,,,,,,,,,,,,,,,,,0,
,,,,,,,,,,,,,,,,,0,
,,,,,,,,,,,,,,,,,0,
,,,,,,,,,,,,,,,,,0,
,,,,,,,,,,,,,,,,,0,
,,,,,,,,,,,,,,,,,0,
,,,,,,,,,,,,,,,,,0,
,,,,,,,,,,,,,,,,,0,
,,,,,,,,,,,,,,,,,0,
,,,,,,,,,,,,,,,,,0,
,,,,,,,,,,,,,,,,,0,
,,,,,,,,,,,,,,,,,0,
,,,,,,,,,,,,,,,,,0,
,,,,,,,,,,,,,,,,,0,
,,,,,,,,,,,,,,,,,0,
,,,,,,,,,,,,,,,,,0,
,,,,,,,,,,,,,,,,,0,
,,,,,,,,,,,,,,,,,0,
,,,,,,,,,,,,,,,,,0,
,,,,,,,,,,,,,,,,,0,
,,,,,,,,,,,,,,,,,0,
,,,,,,,,,,,,,,,,,0,
,,,,,,,,,,,,,,,,,0,
,,,,,,,,,,,,,,,,,0,
,,,,,,,,,,,,,,,,,0,
,,,,,,,,,,,,,,,,,0,
,,,,,,,,,,,,,,,,,0,
,,,,,,,,,,,,,,,,,0,
,,,,,,,,,,,,,,,,,0,
,,,,,,,,,,,,,,,,,0,
,,,,,,,,,,,,,,,,,0,
,,,,,,,,,,,,,,,,,0,
,,,,,,,,,,,,,,,,,0,
,,,,,,,,,,,,,,,,,0,
,,,,,,,,,,,,,,,,,0,
,,,,,,,,,,,,,,,,,0,
,,,,,,,,,,,,,,,,,0,
,,,,,,,,,,,,,,,,,0,
,,,,,,,,,,,,,,,,,0,
,,,,,,,,,,,,,,,,,0,
,,,,,,,,,,,,,,,,,0,
,,,,,,,,,,,,,,,,,0,
,,,,,,,,,,,,,,,,,0,
,,,,,,,,,,,,,,,,,0,
,,,,,,,,,,,,,,,,,0,
,,,,,,,,,,,,,,,,,0,
,,,,,,,,,,,,,,,,,0,
,,,,,,,,,,,,,,,,,0,
,,,,,,,,,,,,,,,,,0,
,,,,,,,,,,,,,,,,,0,
,,,,,,,,,,,,,,,,,0,
,,,,,,,,,,,,,,,,,0,
,,,,,,,,,,,,,,,,,0,
,,,,,,,,,,,,,,,,,0,
,,,,,,,,,,,,,,,,,0,
,,,,,,,,,,,,,,,,,0,
,,,,,,,,,,,,,,,,,0,
,,,,,,,,,,,,,,,,,0,
,,,,,,,,,,,,,,,,,0,
,,,,,,,,,,,,,,,,,0,
,,,,,,,,,,,,,,,,,0,
,,,,,,,,,,,,,,,,,0,
,,,,,,,,,,,,,,,,,0,
,,,,,,,,,,,,,,,,,0,
,,,,,,,,,,,,,,,,,0,
,,,,,,,,,,,,,,,,,0,
,,,,,,,,,,,,,,,,,0,
,,,,,,,,,,,,,,,,,0,
,,,,,,,,,,,,,,,,,0,
,,,,,,,,,,,,,,,,,0,
,,,,,,,,,,,,,,,,,0,
,,,,,,,,,,,,,,,,,0,
,,,,,,,,,,,,,,,,,0,
,,,,,,,,,,,,,,,,,0,
,,,,,,,,,,,,,,,,,0,
,,,,,,,,,,,,,,,,,0,
,,,,,,,,,,,,,,,,,0,
,,,,,,,,,,,,,,,,,0,
,,,,,,,,,,,,,,,,,0,
,,,,,,,,,,,,,,,,,0,
,,,,,,,,,,,,,,,,,0,
,,,,,,,,,,,,,,,,,0,
,,,,,,,,,,,,,,,,,0,
,,,,,,,,,,,,,,,,,0,
,,,,,,,,,,,,,,,,,0,
,,,,,,,,,,,,,,,,,0,
,,,,,,,,,,,,,,,,,0,
,,,,,,,,,,,,,,,,,0,
,,,,,,,,,,,,,,,,,0,
,,,,,,,,,,,,,,,,,0,
,,,,,,,,,,,,,,,,,0,
,,,,,,,,,,,,,,,,,0,
,,,,,,,,,,,,,,,,,0,
,,,,,,,,,,,,,,,,,0,
,,,,,,,,,,,,,,,,,0,
,,,,,,,,,,,,,,,,,0,
,,,,,,,,,,,,,,,,,0,
,,,,,,,,,,,,,,,,,0,
,,,,,,,,,,,,,,,,,0,
,,,,,,,,,,,,,,,,,0,
,,,,,,,,,,,,,,,,,0,
,,,,,,,,,,,,,,,,,0,
,,,,,,,,,,,,,,,,,0,
,,,,,,,,,,,,,,,,,0,
,,,,,,,,,,,,,,,,,0,
,,,,,,,,,,,,,,,,,0,
,,,,,,,,,,,,,,,,,0,
,,,,,,,,,,,,,,,,,0,
,,,,,,,,,,,,,,,,,0,
,,,,,,,,,,,,,,,,,0,
,,,,,,,,,,,,,,,,,0,
,,,,,,,,,,,,,,,,,0,
,,,,,,,,,,,,,,,,,0,
,,,,,,,,,,,,,,,,,0,
,,,,,,,,,,,,,,,,,0,
,,,,,,,,,,,,,,,,,0,